word2;word;description;language;sentiment ;;sentiment list 
schnappsidee;schnappsidee;An idea so stupid the person must have thought of it while drunk; German;humor ;;"joy : freedom; fun  "
forelsket;forelsket;The euphoria you feel when you're first falling in love.; Norwegian;love ;;sadness
treppenwitz;treppenwitz;"Literal: ""staircase joke"", because the witty retort usually hits you in the stairwell on your way out"; German;humor ;;anger : frustration 
yugen;yugen;A profound, mysterious sense of the beauty of the universe…and the sad beauty of human suffering.; Japanese;sadness ;;"love ; connections "
weltschmerz;weltschmerz;A feeling of melancholy and world-weariness; German;sadness ;;"humour ; cleverness "
bixomets;bixomets;Shame on behalf of others; Catalan;fear;;anticipation/nostalgia 
siwon;siwon;Usually meanng cool or cold, but when used in the context of dining, means the taste which achieves the ideal umami such that the food feels cool; Korean;anticipation/nostalgia;;"fear; shame  "
schilderwald;schilderwald;"Jungle of traffic signs; a street so crowded with signs that you become lost"; German;fear;;calm /spiritual 
kuidare;kuidare;To eat yourself into backruptcy; Japanese;food/drink;;food/drink ?
schadenfreude;schadenfreude;To be happy when things go wrong for someone else; German;joy;;intelligence/stupidity ?
saper vivere;saper;"The ability to handle people and situations with charm, diplomacy and verve; cf. savior faire (French)."; Italian;joy;;beauty/nature 
eunoia (εὔνοια);eunoia;"A well-mind; beautiful thinking"; Greek;joy;;positive
njuta;njuta;to deeply enjoy, to profoundly appreciate.; Swedish;joy;;negative
greng-jai;greng-jai;The feeling of not wanting to impose; Thai;fear;;neutral 
anteayer;anteayer;The day before yesteraday; Spanish;neutral;;
yokomeshi;yokomeshi;"Literal: ""meal eaten sideways""; the stress caused by speaking a foreign language"; Japanese;food/drink;;
mamihlapinatapai;mamihlapinatapai;Two people looking at each other each hoping the other will do what both desire but neither is willing to do.; Yaghan;love ;;
pneúma (πνεῦμα);pneúma;"Wind; breath; spirit."; Greek;joy ;;
vergüenza ajena;vergüenza;Shame or embarrassment felt as a result of the actions of others; Spanish;fear;;
chutzpah;chutzpah;Insolence, cheek, audacity. Commonly used to describe someone when they have crossed the line of acceptable behavior; Yiddish;anger/frustration;;
abquatulate;abquatulate;To leave without saying goodbye; English;sadness ;;
beschaulich;beschaulich;"Quiet, pensive; living a simple life; pleasantly contemplative, unhurried in a fashion that inspires mental well-being."; German;joy;;
załatwić;załatwić;To make something which is very complicated somehow simpler in an entrepreneurial and cheeky way; Polish;humor;;
enxebre;enxebre;Something pure and very authentic; Galician;neutral;;
desenrascar;desenrascar;An informal word that means the act of figuring out things; Portuguese;neutral;;
empalagada;empalagada;How you feel after having something too sweet; Spanish;food/drink;;
torschlusspanik;torschlusspanik;The fear that time is running out on achieving life goals; German;sadness ;;
zapoi;zapoi;2+ days of drunkenness usually involving a journey or waking up in an unexpected place; Russian;food/drink;;
lieko;lieko;A tree trunk that has fallen to the bottom of a lake; Finnish;neutral;;
gretchenfrage;gretchenfrage;A direct question with the intention of unveiling the underlying thoughts of the person being questioned; German;humor;;
eudaimonia;eudaimonia;The contented happy state you feel when you travel; Greek;joy ;;
vprikusku;vprikusku;Drinking tea through pieces of sugar; Russian;food/drink;;
milozvučan;milozvučan;Having a sweet and gentle voice; Croatian;love ;;
amaeru;amaeru;To seek affection through doing things like clinging or pleading; Japanese;love ;;
kæk;kæk;Spirited, bold, cheeky, cocky.; Danish;joy;;
dadirri;dadirri;Inner, deep listening and quiet, still awareness out of respect.; Ngangiwumirr;calm/spiritual ;;
débrouille;débrouille;May be synonymous with resourceful, but it is more of a way of living by making do with little and improvising with what you have; French;intelligence/stupidity;;
latah;latah;Uncontrollable habit of saying embarrassing things; Indonesian;fear;;
toska (тоска);toska;At its deepest and most painful, it is a sensation of great spiritual anguish, often without any specific cause.; Russian;fear;;
layogenic;layogenic;Good looking from a distance; Tagalog;love ;;
sielvartas;sielvartas;Literal translation as “soul tumbling” used as grief or resentment; Lithuanian;sadness ;;
épater les bourgeois;épater;To shock the middle classes; French;humor;;
capicua;capicua;A number that doesn't vary if the numbers are inverted. Also it can be called a palindrome, but the word capicua refers especially to the numbers; Catalan;neutral;;
handschuhschneeballwerfer;handschuhschneeballwerfer;"A person who wears gloves to throw snowballs; a wimp"; German;fear;;
resfeber;resfeber;"Travel fever/bug; the feeling of excitement and nervousness experienced by a traveller before undertaking a journey."; Swedish;anticipation/nostalgia;;
fensterln;fensterln;To visit a girl who you fancy either by coming to her window or climbing through it to see her; German;love ;;
volta;volta;During certain hours of the early evening, around dusk, everyone in the town who might feel like going for a walk takes a saunter or stroll up and down the main street; Greek;joy;;
cafuné;cafuné;Tenderly running your fingers through your lover's hair; Portuguese;love ;;
hikikomori;hikikomori;Reclusive adolescents or adults who withdraw from social life, often seeking extreme degrees of isolation and confinement; Japanese;sadness ;;
seigneur-terrasse;seigneur-terrasse;Someone who spends time, but not money, at a café; French;joy;;
chrysalism;chrysalism;An amniotic tranquility of being indoors during a thunderstorm.; English;calm/spiritual ;;
guanxi (关系);guanxi;An intimate connection between people which would benefit from the other in solving delicate problems or in achieving personal goals; Chinese;love ;;
nameer (نمير);nameer;Clear water.; Arabic;neutral;;
weemoed;weemoed;"Lit. sadness, woe (wee) courage, daring, mood (moed); soft mood; light melancholy; having the strength to overcome a feeling of sorrow (e.g., arising in relation to nostalgia)."; Dutch;sadness ;;
sankocha;sankocha;The feeling of embarrassment due to receiving an inordinate or extravagent gift/favor, making you feel as though you need to return a favor that you can't; Kannada;anger/frustration;;
nadryv (надрыв);nadryv;"Literally means ""to tear or break"", but can also mean the inner tension of someone who is about to break"; Russian;sadness ;;
jhoota;jhoota;Food eaten by someone and left in the plate; Hindi;food/drink;;
shinrin-yoku (森林浴);shinrin-yoku;bathing' in the forest (literally and/or metaphorically).; Japanese;joy;;
l’ecole stratim (לאכול סרטים);l’ecole;"Literally ""to eat motives""; describing a person that loves drama"; Yiddish;joy;;
mysa;mysa;"Can mean ""cosying up"" or ""to snuggle"", but in braoder sense, it means to ""have a nice and relaxed time"""; Swedish;joy;;
didis;didis;To search and pick up lice from one's own hair, usually when in bed at night; Indonesian;negative ;;
vozdukh (воздух);vozdukh;"""Air"" but also ""the stack of spirit"". To breathe in is to ""take the spirit inside""."; Russian;neutral;;
athazagoraphobia;athazagoraphobia;The fear of forgetting, being forgotten or ignored, or being replaced; English;sadness ;;
parea;parea;A group of friends who regularly gather together to share their experiences about life, their philosophies, values and ideas.; Greek;joy;;
filotimo;filotimo;A friend of honour, but it also implies dignity, pride, sacrifice and respect; Greek;joy;;
tokimeki ときめき;tokimeki;"Excitement; Feeling of bliss or joy from a discrete experience"; Japanese;joy;;
friolero;friolero;Someone that is very sensitive to cold. That friend that always feel cold.; Spanish;neutral;;
qì zhì (氣质);qì;Quality of character, disposition, style, charm, attractiveness, magnetism.; Chinese;love ;;
şırış;şırış;Mucus or the sweet sugary residue from fruits or other treats; Nogay;food/drink;;
tretår;tretår;A second refill or “threefill” of coffee; Swedish;food/drink;;
onsay;onsay;Pretend to love; Boro;love ;;
ubuntu;ubuntu;"A quality that includes the essential human virtues; compassion and humanity."; Zulu;love ;;
ser/estar;ser/estar;The verb 'to be' is two different verbs in Spanish. Ser is 'what you are' and estar is 'how you are/where you are'; Spanish;neutral;;
yuputka;yuputka;A word made for walking in the woods at night, it’s the phantom sensation of something crawling on your skin; Ulwa;fear;;
kos;kos;"Cosiness, warmth, intimacy; kose as a verb; koselig as an adjective."; Norwegian;love ;;
fachidiot;fachidiot;Someone who knows a great deal about a very narrow subject; German;intelligence/stupidity ;;
pochemuchka;pochemuchka;A person who asks a lot of questions; Russian;intelligence/stupidity ;;
biritululo;biritululo;The act of comparing yams to settle a dispute; Kiriwani;neutral;;
pretoogjes;pretoogjes;"Lit. 'fun eyes'; the twinkling eyes of someone engaging in benign mischief or fun."; Dutch;joy ;;
lus;lus;"Desire, craving; greed; fancy, cupidity; inclination, tendency."; Afrikaans;love ;;
carpe diem;carpe;Make the most of the present moment or opportunity. Lit. sieze the day.; Latin;joy;;
ômä (өмә);ômä;Collective helping; Bashkir;love ;;
fika;fika;Drinking coffee along with eating something sweet; Swedish;food/drink;;
jibaku;jibaku;The act of unintentionally or inadvertently demolishing your own argument in the process of defending your view; Japanese;intelligence/stupidity ;;
warmduscher;warmduscher;"Literal: 'A person that takes warm showers'; to describe those who have trouble stepping out of their comfort zone"; German;fear;;
umami;umami;"A category of taste in food (besides sweet, sour, salt, and bitter); savoriness"; Japanese;food/drink;;
badkruka;badkruka;Someone who refuses to enter a body of water. Eg. Get in the lake you badkruka, or am I going to have to pull you in by your beard?; Swedish;fear;;
fahrvergnügen;fahrvergnügen;The love of simply driving; German;love ;;
boketto;boketto;The act of gazing vacantly into the distance.; Japanese;neutral;;
desenrascanço;desenrascanço;the ability to find improvised solutions to problems; Portuguese;intelligence/stupidity ;;
klexos;klexos;"the art of dwelling on the past; coined by John Koenig."; English;anticipation/nostalgia;;
házisárkány;házisárkány;"Literally ""indoor dragon""; a nagging restless spouse"; Hungarian;fear;;
shalom (שָׁלוֹם);shalom;"peace, harmony, wholeness, prosperity, welfare and tranquillity; used also as a greeting/parting salutation."; Hebrew;calm/spiritual ;;
sgriob;sgriob;The itchiness of the upper lip just before taking a sip of whisky; Irish;food/drink;;
mangomoment;mangomoment;"""What can I do now for you, to make you happy?"""; Dutch;joy;;
punya;punya;"“Merit,” “virtue”, “sacred"", ""good karma"", among other things"; Sanskrit;positive;;
angushti za'id;angushti;Someone with six fingers; Russian;neutral;;
on (恩);on;A feeling of moral indebtedness, relating to a favour or blessing given by others.; Japanese;neutral;;
queesting;queesting;Inviting a lover into your bed for some pillow talk; Dutch;love ;;
livsnjutare;livsnjutare;Someone who loves life deeply; Swedish;love ;;
moņ (моң);moņ;"Sadness; melody; lyricism"; Bashkir;sadness ;;
empalagoso;empalagoso;Too sweet. Adjective to say you ate something so sweet that you got sick of it.; Spanish;food/drink;;
débrouillardise;débrouillardise;"Quality of someone who is resourceful and lives with the ability to creatively improvise; someone who can make do and solve problems without much"; French;intelligence/stupidity;;
manja;manja;Childlike behaviour by women designed to elicit sympathy or pampering by men; Malay;love ;;
abhayamudrâ (अभय मुद्रा);abhayamudrâ;"The gesture (e.g., in Hindu and Buddhist iconography) of fearlessness, protection, and/or peace; involves the palms facing outwards, and the fingers extending upwards."; Sanskrit;calm/spiritual ;;
magari;magari;maybe, hopeful wish, wistful regret, in my dreams, if only.; Italian;positive;;
donaldkacsázás;donaldkacsázás;Translated as “Donald ducking” or wandering around one’s house with a shirt but no trousers; Hungarian;calm/spiritual;;
sumud (صمود);sumud;steadfastness, a determined struggle to persist.; Arabic;positive;;
putzfimmel;putzfimmel;Adjective for someone who is obsessed with cleaning; German;positive;;
consuegro;consuegro;Father in law of your son; Spanish;neutral;;
retrouvailles;retrouvailles;"Lit. 'rediscovery'; a reunion (e.g., with loved ones after a long time apart)."; French;love;;
jein;jein;Yes and no; German;neutral;;
ta'arof (تعارف);ta'arof;The complicated set of niceties and social rules to be observed as a form of good manners and proper etiquette; Persian;positive;;
otium;otium;"The condition of being in control of one’s own time; leisure, free-time; ease, peace."; Latin;calm/spiritual ;;
umij se;umij;Splash water on your face; Serbian;neutral;;
zechpreller;zechpreller;A person who leaves a restaurant without paying; German;food/drink;;
startijenn;startijenn;"A kickstart/boost of energy; also denotes perseverance."; Breton;joy ;;
uḷaṟu (உளறு);uḷaṟu;To say something that should not be or to say somethng nonsensical or unrelated; Tamil;intelligence/stupidity;;
pekopeko;pekopeko;Bowing one's head repeatedly in a grovelling manner; Japanese;negative ;;
ellipsism;ellipsism;A sadness that you'll never be able to know how history will turn out; English;sadness;;
tatemae & honne;tatemae;The contrast between a person's feelings and desires (honne) versus the behavior and opinions one displays in public (tatemae); Japanese;fear;;
feierabend;feierabend;End of the work day; German;neutral;;
cavoli riscaldati;cavoli;"Literally ""reheated cabbage""; When you attempt to start up a failed relationship or love affair"; Italian;love;;
nodus tollens;nodus;The realization that the plot of your life doesn't make sense to you anymore.; English;intelligence/stupidity ;;
kenshō (見性);kenshō;"Seeing (ken) one’s nature or essence (shō); perceiving one’s Buddha nature; sometimes interpreted as an initial or brief awakening."; Japanese;calm/spiritual  ;;
nintendo;nintendo;“Leave luck to heaven” or to leave one's fortune in the hands of fate; Japanese;calm/spiritual  ;;
spätzünder;spätzünder;A person who needs a long time to understands sth/ so who makes belated progress of personal development; German;intelligence/stupidity ;;
vemödalen;vemödalen;The fear that everything has already been done. For example: the frustration of photographing something amazing when thousands of identical photos already exist.; English;fear;;
kopfkino;kopfkino;"Imagining scenarios vividly (""head cinema"")"; German;neutral;;
hoʻoponopono;hoʻoponopono;Mutual forgiveness.; Hawaiian;love;;
verschlimmbesserung;verschlimmbesserung;An attempt at improvement that makes things worse than they already were; German;negative ;;
salām (سلام);salām;"Peace, harmony, wholeness, prosperity, welfare and tranquillity; used also as a greeting/parting salutation."; Arabic;calm/spiritual  ;;
saudade;saudade;melancholic longing, nostalgia, dreaming wistfulness.; Portuguese;anticipation/nostalgia ;;
dygn;dygn;"Day and night; 24 hours"; Swedish;neutral;;
mahj;mahj;Looking beautiful after having a disease; Tamil;love;;
adronitis;adronitis;Frustration with how long it takes to get to know someone; English;anger/frustration;;
overskud;overskud;"Extra/excess energy; do have sufficient resources to do something; profit (in an economic context)."; Danish;positive;;
tingo;tingo;The act of taking objects one desires from the house of a friend by gradually borrowing all of them; Pascuense;negative ;;
mitonner;mitonner;Cooking with passion; French;food/drink;;
haiku (俳句);haiku;A form of Japanese poetry, usually just 17 syllables long (with lines of 5, 7, and 5 syllables), involving the sudden juxtapositions of ideas or images, and often focused on natural (e.g., seasonal) phenomena.; Japanese;neutral;;
gezelligheid;gezelligheid;Coziness, fun, the general togetherness that gives people a warm feeling.; Dutch;joy ;;
schulbildend;schulbildend;Inspiring or leading to the creation of schools of thought.; German;intelligence/stupidity ;;
querencia;querencia;A place from which one's strength is drawn, where one feels at home, the place where you are your most authentic self; Spanish;joy ;;
chai-pani;chai-pani;"Literal: ""tea and water""; the money and favors given to someone to get things done"; Hindi;positive;;
rén (仁);rén;"Humanity, benevolence; the positive feeling enjoyed by a virtuous person through altruistic behaviour."; Chinese;joy ;;
noroke;noroke;To brag about or sing the praises of the person you love; Japanese;love;;
sitzfleisch;sitzfleisch;"Having ""Sitzfleisch"": being persistent enough to complete a tough or big task"; German;intelligence/stupidity ;;
lepos;lepos;Charm, grace, wit, elegance, allure.; Latin;positive;;
shemomechama (შემომეჭამა);shemomechama;To keep eating past the point of being full since the food tastes so good.; Georgian;food/drink;;
koev li halev (כואב לי הלב);koev;"Literally ""my head hurts"", but used to convey empathy for someone's suffering"; Yiddish;negative;;
innerer schweinehund;innerer;"Literal: 'Inner pig dog'; the lazy voice in your head. It symbolizes the part of you that doesn’t want to go jogging, that prefers staying at home with chocolate and pizza and is just generally lazy."; German;negative ;;
l'esprit de l'escalier;l'esprit;Thinking of the perfect reply after the conversation is over.; French;anger/frustration;;
serendipity;serendipity;The development of events by chance that result in a beneficial way; Tamil;positive;;
voetstoots;voetstoots;A sale where the thing is sold as is or with all its faults without any guarantees; Afrikaans;negative ;;
énouement;énouement;The bittersweetness of having arrived in the future, seeing how things turn out, but not being able to tell your past self.; French;anger/frustration;;
metanoia;metanoia;The journey of changing ones mind, heart, self, or way of life; English;calm/spiritual  ;;
anima;anima;"Soul; spirit; breath; mind"; Latin;calm/spiritual  ;;
vypendrivatsja (выпендриваться);vypendrivatsja;To behave in a way that makes one look more important or special than one is, to ride the high horse, to show off; Russian;negative;;
tachiyomi;tachiyomi;To stand in a bookstore and read a book without buying it; Japanese;neutral;;
mauri;mauri;The essence that animates something living, but not human; Māori;calm/spiritual  ;;
sisu;sisu;Extraordinary determination in the fact of adversity; Finnish;positive;;
abhisar (অভিসার);abhisar;"Lit. 'going towards'; a meeting (often secret) between lovers / partners."; Bengali;love;;
schnapsidee;schnapsidee;An idea you have when you're drunk and will probably not considered anymore once you're sober; German;joy ;;
kulturbärare;kulturbärare;"Lit. culture-bearer or culture-carrier; a phenomenon (e.g., person or idea) that upholds a culture and/or moves it forward."; Swedish;positive;;
orphic;orphic;"Mysterious and entertaining; beyond ordinary understanding"; English;intelligence/stupidity ;;
mu (無);mu;Not one, not zero, not yes, not no; Japanese;neutral;;
myötähäpeä;myötähäpeä;Secondhand embarrassment; Finnish;fear;;
formacja;formacja;A state of mind and its own culture of a generation; Polish;neutral;;
s’encoubler;s’encoubler;To describe a fall, but specifically one where you fell due to being tangled in something; French;negative ;;
luftmensch;luftmensch;"Literal: ""air person"". Refers to someone who is a bit of a dreamer"; Yiddish;calm/spiritual  ;;
krawattenmuffel;krawattenmuffel;Someone who'd rather not wear a tie; German;neutral;;
talkoot;talkoot;"a collectively pursued/undertaken task; voluntary community work."; Finnish;positive;;
pole;pole;"Sorry; can also express empathy and understanding."; Swahili;positive;;
zhì (智);zhì;Wisdom, perspicacity, knowledge.; Chinese;intelligence/stupidity;;
occhiolism;occhiolism;The awareness of the smallness of your perspective; English;intelligence/stupidity;;
nakhur;nakhur;A camel that won't give milk until her nostrils have been tickled; Tamil;neutral;;
konfliktfähigkeit;konfliktfähigkeit;the ability to manage interpersonal conflict constructivly, without becoming personally involved.; German;intelligence/stupidity ;;
mensch;mensch;A person of integrity and honour; Yiddish;positive;;
sturmfrei;sturmfrei;Having the house or flat to oneself; German;calm/spiritual ;;
spannungsbogen;spannungsbogen;A sequence of events which build up suspense and/or tension; German;neutral;;
celístia;celístia;Brighness from the stars; Catalan;nature/beauty;;
fingerspitzengefühl;fingerspitzengefühl;"Literal: “finger tips feeling"", but means an intuitive feel or to have one's finger on the pulse"; German;intelligence/stupidity ;;
dépayser;dépayser;"Disorientation; not necessarily unpleasant (e.g., a pleasant sense of strangeness from being in a foreign country)."; French;calm/spiritual ;;
merak;merak;A feeling of bliss and the sense of oneness with the universe that comes from the simplest of pleasures. It is the pursuit of small, daily pleasures that all add up to a great sense of happiness and fulfillment.; Serbian;joy ;;
apapachar;apapachar;Pamper a person especially when she or he is sad; Spanish;sadness;;
vellichor;vellichor;The strange wistfulness of used bookshops; English;calm/spiritual ;;
hanyauku;hanyauku;To walk on tiptoes across a hot surface; Rukwangali;neutral;;
anánkē (ανάγκη);anánkē;destiny, fate, necessity.; Greek;calm/spiritual  ;;
kyoiku mama;kyoiku;A mother who relentlessly pushes her children toward academic achievement; Japanese;intelligence/stupidity;;
mokita;mokita;The truth we all know but agree not to talk about.; Kilivila;neutral;;
rabenmutter;rabenmutter;"A bad mom (""raven mother"")"; German;negative ;;
tüddelig;tüddelig;Sweet, elderly, and senile; German;positive;;
ramé;ramé;Something that is both chaotic and joyful at the same time; Indonesian;joy ;;
friluftsliv;friluftsliv;“Free air life,” signifying a fundamental understanding of the positive impact of being in nature; Norwegian;joy ;;
kintsukuroi;kintsukuroi;To repair with gold. Understanding that a piece is more beautiful for having broken.; Japanese;nature/beauty;;
verklempt;verklempt;Completely overcome with emotion; Yiddish;love;;
dhurna;dhurna;Extorting payment from someone by sitting at their front door and staying there until you get paid; Hindi;negative ;;
lítost;lítost;Sate of agony and torment created by the sudden sight of one’s own misery.; Czech;sadness;;
víðsýni;víðsýni;"A panoramic view; open-mindedness."; Icelandic;nature/beauty;;
desir;desir;The sound of sand driven by the wind; Malay;nature/beauty;;
qì (氣);qì;"Lit. air, breath; ‘life force/energy’."; Chinese;calm/spiritual ;;
gulugulu;gulugulu;The sound of a pitcher filling with water; Tulu;food/drink;;
abditory;abditory;"A place into which you can disappear; a hiding place"; English;calm/spiritual  ;;
weiche;weiche;"Literal: ""soft egg""; someone who is weak or cowardly"; German;fear;;
iktsuarpok;iktsuarpok;The feeling of anticipation that leads you to keep looking outside to see if anyone is coming.; Inuktitut;anticipation/nostalgia ;;
pålegg;pålegg;Anything that you can put in a sandwich; Norwegian;food/drink;;
prozvonit;prozvonit;To call a mobile phone and let it ring once so that the other person will call back, saving the first caller money.; Czech;neutral;;
être dépaysé;être;To be in an environment you're not used to; French;fear;;
flâner;flâner;verb. to purposely wander, to decide to explore with no final destination.; French;calm/spiritual;;
sayang;sayang;Describes when you've wasted an opportunity; Tagalog;intelligence/stupidity;;
panapoo'o;panapoo'o;The act of searching your head in order to help you remember something you have forgotten.; Hawaiian;intelligence/stupidity;;
palla;palla;To steal fruit off trees; Swedish;negative;;
yaqin (يقين);yaqin;Certitude and freedom from doubt.; Arabic;intelligence/stupidity;;
chimak;chimak;Chicken and beer; Korean;food/drink;;
umay;umay;Gettiing tired of a certain food; Tagalog;food/drink;;
buksvåger;buksvåger;"Literally means ""abdomen brothers-in-law""; used for two men who have slept with the same woman"; Swedish;love;;
ikigai;ikigai;"A reason for being; the thing that gets you up in the morning."; Japanese;calm/spiritual;;
viraag;viraag;The emotional pain felt from being away from the person you love; Hindi;love;;
mencomot;mencomot;Stealing things of small value, mostly for fun rather than out of necessity.; Indonesian;joy;;
cāral (சாரல்);cāral;A gentle secondary drizzle either from a waterfall or rain; Tamil;nature/beauty;;
nja;nja;"Combining no (nej) and yes (ja); neither yes or no (or both yes and no); expressing uncertainty."; Swedish;neutral;;
arlésienne;arlésienne;Used to describe people who are at the centre of a conversation/situation/problem but can’t be found anywhere; French;neutral ;;
avspasere;avspasere;To take a day (or more) off from work (e.g., because one has previously worked overtime and has built up credit).; Norwegian;neutral;;
luscofusco;luscofusco;Time of nightfall, just with the last ray of Sun; Galician;nature/beauty;;
baadastoor;baadastoor;Unaltered, or unchanged, for something that is habitual; Urdu;neutral;;
dreikäsehoch;dreikäsehoch;A small child who is as tall as three wheels of cheese stacked upon one another; German;neutral;;
vipāka (विपाक);vipāka;"Ripening; the result, ripening or maturation of karma."; Sanskrit;neutral;;
fargin;fargin;To wholeheartedly appreciate the success of others; Yiddish;joy ;;
schlimazel;schlimazel;A chronically unlucky person; Yiddish;sadness;;
abbiocco;abbiocco;The feeling of falling asleep after lunch or dinner; Italian;food/drink;;
chingada;chingada;An imaginary, horrible place where you send all those who annoy you; Spanish;anger/frustration;;
xiao xiao;xiao;The whistling and pattering of rain or wind; Chinese;nature/beauty;;
tîeow (เที่ยว);tîeow;To wander or roam around in a carefree way.; Thai;calm/spiritual;;
maktub;maktub;"""Everything is destined and written"""; Arabic;calm/spiritual;;
zanshin (残心);zanshin;"Lit. ‘remaining/enduring heart-mind’; a state of relaxed mental alertness (especially in the face of danger or stress)."; Japanese;calm/spiritual ;;
offing;offing;"The deep, distant stretch of the ocean that is still visible from the land; the foreseeable future"; English;nature/beauty;;
talaka;talaka;Every member of a neighborhood getting together to do a work for free for a poor member of their community; Nogay;positive;;
autophile;autophile;A person that loves solitude, being alone; English;love;;
trepverter;trepverter;A witty comeback you think of only when it’s too late to use; Yiddish;anger/frustration;;
ukiyo;ukiyo;The floating world - living in the moment, detached from the bothers of life; Japanese;calm/spiritual ;;
ǩuẓlanyu;ǩuẓlanyu;To marry a divorced woman; Bashkir;neutral;;
ḥôjônsô (һөйөнсө);ḥôjônsô;Good news for which a reward is given; Bashkir;joy ;;
anchorage;anchorage;The desire to make time stand still; English;calm/spiritual ;;
obhimaan (অভিমান );obhimaan;Anger, or something close to it, at being upset with a loved one. Abhiman is not anger or sorrow. It is a temporary expression of a feeling about a loved one that he or she is supposed to address.; Bengali;anger/frustration;;
voorpret;voorpret;That feeling of excitement you get even before an event actually takes place. Literally translates to “pre-fun.”; Dutch;anticipation/nostalgia;;
uitwaaien;uitwaaien;To take a refreshing break outdoors in windy weather; Dutch;nature/beauty;;
mono no aware;mono;The bittersweetness of a brief and grading moment of transcendent beauty.; Japanese;nature/beauty;;
fuubutsushi;fuubutsushi;The things – feelings, scents, images – that evoke memories or anticipation for a particular season.; Japanese;anticipation/nostalgia;;
fanaa (فناء);fanaa;Used in a romantic, and spiritual sense. It could also mean breaking free, escaping ego, dying while your material body hasn’t; Urdu;love;;
ayurnamat;ayurnamat;The philosophy that there is no point in worrying about events that cannot be changed; Inuktitut;calm/spiritual ;;
ennui;ennui;A feeling of being bored and mentally tired caused by having nothing interesting or exciting to do; English;negative;;
madrugada;madrugada;The time of day occurring between past midnight and early morning; Spanish;neutral ;;
mágoa;mágoa;A heart-breaking feeling that leaves long-lasting traces, visible in gestures and facial expressions; Portuguese;love;;
yoroshiku onegai shimasu;yoroshiku;Favorably, please.; Japanese;joy ;;
nostalgie de la boue;nostalgie;"A yearning for degradation, depravity, or other crude/base aspects of life, literally ""a yearning for mud"""; French;negative;;
psithurism;psithurism;The sound of wind through trees; English;nature/beauty;;
trasnochar;trasnochar;To stay up all night; Spanish;neutral;;
tulak ng bibig, kabig ng dibdib.;tulak;"Pretending to dislike something, when it reality you actually like it. Literal translation, ""push of the mouth, pull (drawing closer to self) of the chest""."; Tagalog;negative;;
riposo;riposo;"Rest, repose; a nap; cf. siesta."; Italian;calm/spiritual ;;
kabelsalat;kabelsalat;"Tangled up cables; literally “cable-salad"""; German;negative;;
þetta reddast;þetta;it will all work out ok' (used especially when things don't look optimistic!).; Icelandic;calm/spiritual ;;
petrichor;petrichor;The smell of earth after rain; English;nature/beauty;;
fisselig;fisselig;Being flustered to the point of incompetence; German;fear ;;
hoppilandkalle;hoppilandkalle;Guy who jumps to dry land to moor a boat; Swedish;neutral;;
nekama;nekama;A man who pretends to be a woman on the internet; Japanese;negative;;
manna;manna;A sudden or unexpected help, advantage, or aid to success; English;positive;;
mudita;mudita;The pleasure that comes from delighting in other people's well-being or happiness; Sanskrit;joy ;;
mana;mana;The prestige, power, dominance of something or someone; Māori;intelligence/stupidity;;
tima;tima;Not being ready to spend time or money on a specific thing, despite being able to afford it; Icelandic;neutral;;
dapjeongneo;dapjeongneo;Used when someone asks a question despite knowing the answer, expecting the listener to make a smart and studied guess; Korean;intelligence/stupidity;;
eesome;eesome;Pleasing to the eye; English;love;;
utura-utura (うつらうつら);utura-utura;To drift between sleep and wakefulness.; Japanese;calm/spiritual;;
hinna;hinna;"""To find the time” or “to be on time”"; Swedish;neutral;;
altschmerz;altschmerz;Weariness with the same old issues that you've always had - the same boring flaws and anxieties that you've been gnawing for years.; German;negative;;
recherché;recherché;"Rare, exotic, unusual; not understood or appreciated by many people."; French;neutral;;
moledro;moledro;A feeling of resonant connection with an author or artist you'll never meet, who may have lived centuries ago and thousands of miles away; English;love;;
nehrotit to;nehrotit;"Literal: “Not to make X into a sharp point""; a choice not to stress about something"; Czech;calm/spiritual;;
cúbóg;cúbóg;A collection of Easter eggs; Irish;food/drink;;
papakata;papakata;To have one leg shorter than the other; Māori;neutral;;
qiang jingtou;qiang;The fight by a cameraman to get a better vantage point; Chinese;negative;;
qarrtsiluni;qarrtsiluni;Sitting together in the darkness, waiting for inspiration to strike you; Iñupiaq;neutral;;
trennungsagentur;trennungsagentur;"Literal: ""separation agent""; A man hired by women to break the news to their boyfriends that they are breaking up"; German;love;;
kilig;kilig;"It is the sudden feeling of an inexplicable joy one gets when something romantic or idealistic occurs; butterflies."; Tagalog;joy;;
sophrosyne;sophrosyne;A healthy state of mind, characterized by self-control, moderation, and a deep awareness of one's true self, and resulting in one's true happiness.; Greek;calm/spiritual;;
wabi-sabi;wabi-sabi;Finding beauty within the imperfections of life and peacefully accepting the natural cycle of growth and decay.; Japanese;calm/spiritual;;
pisan zapra;pisan;The time needed to eat a banana; Malay;food/drink;;
(يقبرني) ya'aburnee;(يقبرني);A way to declare your hope that your loved one will outlive you because of how unbearable it would be to live without them.; Arabic;love;;
halyava (халява);halyava;Getting something without working for it; Russian;intelligence/stupidity;;
nito-onna;nito-onna;A woman so dedicated to her career that she has no time to iron blouses, so dresses only in knitted tops.; Japanese;neutral;;
chindogu;chindogu;A person seemingly inventing ingenious everyday gadgets that seem like an ideal solution to a particular problem, but are in fact nothing more than a useless gag; Japanese;intelligence/stupidity;;
abendrot;abendrot;The colour of the sky when the sun is setting; German;nature/beauty;;
arigata-meiwaku;arigata-meiwaku;When someone does something for you that you didn’t want them to do, and having to express gratitude for the act; Japanese;negative;;
mambo;mambo;Someone that still lives with their mother; Swedish;negative;;
poshlost (пошлость);poshlost;"Used to describe situations where things are being sold under the premise ""that the greatest joy can be bought"""; Russian;joy;;
razbliuto;razbliuto;The feeling for someone you used to love but no longer do; Russian;love;;
vaitherichal;vaitherichal;The feeling that you get when someone has something that you lack, however you are not jealous, yet instead feel as though they should not possess that because you don't; Tamil;negative;;
jijivisha;jijivisha;The strong, eternal desire to live and to continue living; Hindi;joy;;
la douleur exquise;la;The pain that comes from wanting someone you can’t have; French;sadness;;
wei-wu-wei;wei-wu-wei;"""Action without action"" or effortless doing; conscious non-action; the deliberate and principled decision to do nothing for a reason."; Chinese;calm/spiritual;;
bon vivant;bon;Someone who enjoys and appreciates the good life.; French;joy;;
bimyou;bimyou;"Not bad, or ""meh"""; Japanese;neutral;;
yuanfen;yuanfen;A relationship by fate or destiny. This is a complex concept. It draws on principles of predetermination in Chinese culture, which dictate relationships, encounters and affinities, mostly among lovers and friends.; Chinese;love;;
l'appel du vide;l'appel;Describes the instinctive urge to jump from high places; French;neutral ;;
beau geste;beau;A gesture noble in its nature or intention but ultimately meaningless in substance; French;neutral;;
nunchi;nunchi;"The art of listening to a person and identifying his or her moods or emotions. The literal combination of ""eye"" and measure"""; Korean;intelligence/stupidity;;
cwtch;cwtch;Wrapping of your arms around someone to make them feel safe in the world; Welsh;love;;
ignōrāmus;ignōrāmus;Lit. ‘we do not know’ (e.g., the spirit of scientific enquiry), or ‘we take no notice of’ (used in legal contexts, e.g., when deemed evidence to be inadmissible).; Latin;intelligence/stupidity;;
mechaye;mechaye;"Joy, pleasure; something that gives great joy/pleasure."; Yiddish;joy;;
nutro (нутро);nutro;"Something that governs your inner being; your core"; Russian;calm/spiritual;;
mysig;mysig;To describe anything with an unexpectedly relaxing vibe; Swedish;calm/spiritual;;
sóphrosuné (σωφροσύνη);sóphrosuné;"excellence of character and soundness of mind; leads to other beneficial qualities, such as moderation and self-control."; Greek;intelligence/stupidity;;
philotimo;philotimo;Love of honour; Greek;love;;
dolgostroj (долгострой);dolgostroj;A construction project that seems to go on forever; Russian;negative;;
mahalo;mahalo;Thankfulness, appreciation, and gratitude as a way of living; Hawaiian;calm/spiritual;;
dozywocie;dozywocie;Parental contract with children guaranteeing lifelong support; Polish;love;;
kaapshljmurslis;kaapshljmurslis;The feeling of being cramped on public transportation; Latvian;negative ;;
harkla;harkla;The little coughing noise one makes, often before giving a speech or dislodging a piece of cinnamon bun from their throat; Swedish;neutral;;
estrenar;estrenar;The experience of wearing something for the first time; Spanish;neutral ;;
kummerspeck;kummerspeck;"Weight you gain because you're unhappy (""sorrow bacon"")"; German;sadness;;
dayenu;dayenu;"""It would have been enough"""; Hebrew;negative;;
lagom;lagom;Not too much and not too little; Swedish;neutral ;;
entzuterre;entzuterre;A distance that allows you to listen to another conversation; Basque;neutral ;;
tôpäj (төпәй);tôpäj;Interjection that is used to forewarn a child of falling; Bashkir;fear;;
koi no yokan;koi;The feeling upon meeting someone that falling in love with them is inevitable.; Japanese;love;;
oodal;oodal;Overly exaggerated, fake anger that follows a lovers’ quarrel; Tamil;anger/frustration;;
faamiti;faamiti;The sound made by sucking air past the lips in order to gain the attention of a dog or child; Samoan;neutral;;
attaccabottone;attaccabottone;Something that you long to get away from but struggle to; Italian;negative;;
boketto (ぼけっと);boketto;gazing vacantly into the distance (without thought or sense of self).; Japanese;calm/spiritual;;
ripsaspis (ρίψασπις);ripsaspis;"Literal: ""the one that throws down his shield""; the one that gives in with dismay"; Greek;fear;;
komorebi (木漏れ日);komorebi;"Lit. wood is ‘leaking’ sunlight; dappled sunlight filtering through leaves."; Japanese;nature/beauty;;
morgenfrisk;morgenfrisk;Feeling rested after a good night's sleep; Danish;calm/spiritual ;;
kuebiko;kuebiko;A state of exhaustion inspired by acts of senseless violence; Japanese;negative;;
rubatosis;rubatosis;The unsettling awareness of your own heartbeat; English;calm/spiritual;;
ghalidan;ghalidan;Rolling from side to side as lovers do; Tamil;love;;
wú (無);wú;"Negative, void, nothingness, non-being; can imply 'neither yes nor no'."; Chinese;negative;;
erklärungsnot;erklärungsnot;The state of having to quickly explain yourself; German;fear;;
ethanaavadhu;ethanaavadhu;"""Can't put it any better"""; Tamil;joy;;
paasa;paasa;A person who leads someone on (intentionally or not). Appearing as if they are genuinely interested romantically when they aren’t; Tagalog;love;;
gezellig;gezellig;A warm feeling of cozyness, but also have good times with friends at a party.; Dutch;joy ;;
bajativo;bajativo;A post-meal drink to help with digestion; Tamil;food/drink;;
erinmek;erinmek;"Not doing something you have to do just because you don’t want to; being a prick"; Nogay;negative;;
linslus;linslus;"Someone who always wants to have their face in a photo. Literal translation: ""lens louse"""; Swedish;negative;;
seny;seny;Common sense, is a form of ancestral Catalan wisdom or sensibleness. It involves well-pondered perception of situations, level-headedness, awareness, integrity, and right action; Catalan;intelligence/stupidity;;
hygge;hygge;A quality of cosiness and comfortable conviviality that engenders a feeling of contentment or well-being.; Danish;calm/spiritual ;;
naz;naz;The pride that comes from knowing that you are loved no matter what you do; Urdu;joy;;
waldeinsamkeit;waldeinsamkeit;The feeling of solitude in the woods; German;calm/spiritual ;;
guān xì (關係);guān;"Cultivating relationships; reciprocal connections; networking; social karma."; Chinese;love;;
hiraeth;hiraeth;A deep longing for home; Welsh;anticipation/nostalgia;;
rè nào (熱鬧);rè;Not only fun and lively, but also has a special vibe that makes everyone want to be there.; Chinese;joy;;
werifesteria;werifesteria;To wander longingly through the forest in search of mystery; English;calm/spiritual ;;
mencolek;mencolek;The trick when you tap someone lightly on the opposite shoulder from behind to fool them; Indonesian;humor ;;
avos';avos';Doing something without planning, without putting in much effort, yet counting on success; Russian;intelligence/stupidity;;
raspafiestas;raspafiestas;An adjective to describe a person who doesn't go until the party is over.; Spanish;neutral;;
nadryv;nadryv;"When a person releases intimate, deeply hidden feelings, sometimes that do not truly exist; imaginary, excessively exaggerated and distorted feelings"; Russian;neutral ;;
philoxenia (φιλοξενία);philoxenia;"Love of strangers, guests; a hospitable act of welcome."; Greek;love;;
charmolypi;charmolypi;"""Joy-making sorrow"". A mixed feeling of happiness while being sad."; Greek;neutral;;
zgabalj;zgabalj;Mixture of all the bad things in the world, combined; Serbian;negative;;
wintercearig;wintercearig;"Literally ""winter sorrow""; a feeling of deep sadness related to the cold, still, dark nature of winter"; English;sadness;;
jouska;jouska;A hypothetical conversation that you compulsively play out in your head; English;neutral;;
stushevatsya;stushevatsya;To fade into the background; Russian;negative;;
aşermek;aşermek;The experience of craving certain foods while pregnant; Turkish;food/drink;;
opia;opia;the ambiguous intensity of eye-contact which can feel simultaneously invasive and vulnerable.; English;fear;;
merienda;merienda;It's something you eat between lunch and dinner (sandwich, fruit...). At 6pm or so. Kids never miss it.; Spanish;food/drink;;
sphallolalia;sphallolalia;Flirtatious talk that leads nowhere.; English;love;;
sehnsucht;sehnsucht;Thoughts and feelings about all facets of life that are unfinished or imperfect, paired with a yearning for ideal alternative experiences.; German;sadness;;
tsundoku;tsundoku;Acquiring reading materials but letting them pile up in one's home without reading them; Japanese;negative;;
tuerto;tuerto;A man with only one eye; Spanish;neutral;;
calacala;calacala;Children wading through water as they play; Tulu;joy;;
chandamama (చందమామ);chandamama;"Literally ""uncle moon""; referring to the moon when admiring it"; Telugu;joy;;
duende;duende;The mysterious power of art to deeply move a person; Spanish;joy ;;
schlemiel;schlemiel;An inept, clumsy person; Yiddish;intelligence/stupidity ;;
angrillen;angrillen;Beginning the grilling season; German;nature/beauty;;
anecdoche;anecdoche;A conversation in which everyone is talking, but nobody is listening.; English;intelligence/stupidity ;;
sokaiya;sokaiya;A man with a few shares in several companies who extorts money by threatening to come to the shareholders' meetings and cause trouble; Japanese;negative;;
durcheinander;durcheinander;"Complete mess; screwed up beyond all recognition"; German;negative;;
mātauranga;mātauranga;The comprehension, or understanding of the universe; Nogay;calm/spiritual ;;
titip;titip;To temporarily entrust something to a person; Indonesian;positive;;
uffda;uffda;A sympathetic word to be used when someone else is in pain. It combines ‘Ouch for you’ and ‘Oh, I’m sorry you hurt yourself’; Swedish;positive;;
monachopsis;monachopsis;The subtle but persistent feeling of being out of place; English;fear;;
redamancy;redamancy;"The act of loving the one who loves you; a returned love in full"; English;love;;
tuḷir (துளிர்);tuḷir;"Technically ""a baby leaf"", but it specifcally means a freshness tenderness, delicateness"; Tamil;love;;
frostbeule;frostbeule;"Someone that is very sensitive to cold. That friend that always feels cold. (""frost bite"")"; German;negative;;
te (德);te;"Virtue; morality; integrity; inner power."; Chinese;calm/spiritual;;
kenopsia;kenopsia;The eerie, forlorn atmosphere of a place that is usually bustling with people but is now abandoned and quiet.; English;fear;;
oneirataxia;oneirataxia;The inability to distinguish between fantasy and reality; English;intelligence/stupidity;;
listopad;listopad;The falling of the leaves; Russian;nature/beauty;;
tartle;tartle;The act of hesitating while introducing someone because you've forgotten their name; Scottish;negative;;
chantepleurer;chantepleurer;Singng and crying simultaneously; French;neutral;;
mauri ora;mauri;The essence that animates humans; Nogay;calm/spiritual;;
dugnad;dugnad;Communal work in a gathering for mutually accomplishing a task (ex: a knitting bee); Norwegian;positive;;
sonder;sonder;"the realization that everyone has a life as vivid and complex as your own); coined by John Koenig."; English;calm/spiritual ;;
resol;resol;That kind of sun light, non direct, when the sun is covered by clouds that still hurts the eyes.; Mallorquín;nature/beauty;;
lachesism;lachesism;The desire to be struck by disaster - to survive a plane crash, or to lose everything in a fire; English;neutral;;
levensgenieter;levensgenieter;"Someone who loves life deeply; is devoted"; Dutch;love;;
lekker;lekker;"Literal translation ""tasty"", but can be used to describe anything that has one's hearty approval"; Afrikaans;food/drink;;
fernweh;fernweh;To have a yearning to see distant places; German;love ;;
goya (گویا);goya;The transporting suspension of disbelief that can occur in storytelling; Urdu;calm/spiritual;;
yoisho;yoisho;A word without meaning, said when flopping into a chair after a hard day at work or lifting a heavy bag.; Japanese;neutral;;
desus;desus;The quiet, smooth sound of somebody farting although not very loudly; Indonesian;negative;;
schwärmerei;schwärmerei;Excessive or extreme enthusiasm or sentimentality.; German;love;;
shibui;shibui;Old school cool; Japanese;joy;;
moriturism;moriturism;The sudden reminder that you will one day no longer occupy this earth; English;fear;;
solkatt;solkatt;The glimmer that reflects the sunshine off a wristwatch; Swedish;nature/beauty;;
nedoperepitj (недоперепить);nedoperepitj;To drink more than one should have, but less than one would have wanted. To fail to drink too much.; Russian;food/drink;;
ádvaita (अद्वैत);ádvaita;"non-dual; the notion that there is only one reality."; Sanskrit;calm/spiritual;;
tempus fugit;tempus;Time flies, flees, escapes.; Latin;neutral;;
adroit;adroit;"Lit. according to right; skilled, resourceful; dexterous."; French;intelligence/stupidity;;
chaval al hazman (חבל אל הזמן);chaval;"Literally ""shame on time""; referring to an amazing experience that you don't want to end"; Yiddish;anticipation/nostalgia;;
półtora;półtora;Specific word for one and a half of something; Polish;neutral;;
sobremesa;sobremesa;After-dinner conversation; Spanish;food/drink;;
arumpu (அரும்பு);arumpu;A bud, but specifically referring to the stage where it is just starting to bud; Tamil;nature/beauty;;
wejbet;wejbet;Unwanted/inconvenient social and family obligations that are somewhat necessary to maintain good relations; Arabic;negative;;
andria (ανδρεία);andria;Both valour and courage, expressed in actions in front of the face of danger; Greek;positive;;
istories me arkoudes;istories;"Literal: 'stories with bears'; stories that are so crazy, they can't be true"; Greek;neutral ;;
aimonomia;aimonomia;Being scared to learn the ‘why’ of something; English;fear;;
desvelarse;desvelarse;To wake up in the middle of the night. Be unable to fall asleep.; Spanish;negative;;
extrawunsch;extrawunsch;Someone who is slowing things down by being fussy, making everything more complicated than necessary; German;negative;;
janteloven;janteloven;"Jante’s law; a set of social codes or norms that emphasize the importance of collective success rather than individual"; Norwegian;positive;;
zažitjsja (зажиться);zažitjsja;To keep living beyond the point where one feels they would be better off dead; Russian;negative;;
sortable;sortable;"adj. Someone you can take out without fear of being embarrassed, usually used to refer to friends or family members. e.g. ""Elle n'est pas sortable."""; French;positive;;
shadenfreude;shadenfreude;Pleasure derived by someone from another person's misfortune.; German;negative;;
insouciant;insouciant;Free from worry, concern, or anxiety; English;joy;;
acoy;acoy;Something that is either very positive or negative; Indonesian;neutral ;;
bilita mpash;bilita;Opposite of a nightmare; Bantu;joy;;
vagary;vagary;An unpredictable instance, a wandering journey, a whimsical, wild, or unusual idea, desire, or action; English;joy;;
vorfreude;vorfreude;The joyful, intense anticipation that comes from imagining future pleasures; German;anticipation/nostalgia;;
erbsenzähler;erbsenzähler;"Literally ""a person who literally counts their peas""; someone who is nitpicky and always trying to make things perfect"; German;intelligence/stupidity ;;
tokka;tokka;A large herd of reindeer; Finnish;nature/beauty;;
kelema;kelema;Age in which you have strength, vigor and a person is considered productive.; Maya;intelligence/stupidity ;;
fremdschämen;fremdschämen;To be embarrassed by something somebody else did; German;fear;;
fucha;fucha;To use company time and resources for one's own purposes; Portuguese;negative;;
muskelkater;muskelkater;"Charley horse (""muscle cat"")"; German;nature/beauty;;
schnapsdrossel;schnapsdrossel;A person that drinks a lot but rarely gets drunk; German;food/drink;;
lebensmüde;lebensmüde;Weary of life; German;negative;;
dor;dor;The heartbreak and sense of longing you feel because you’re separated from your love; Romanian;sadness;;
l’chaim (לְחַיִּים);l’chaim;Lit. ‘to life’.; Hebrew;joy;;
gigil;gigil;The urge to pinch or squeeze something that is unbearably cute; Tagalog;joy;;
packesel;packesel;The person who’s stuck carrying everyone else’s bags on a trip; German;negative;;
löyly;löyly;The steam that rises from the sauna heater when water is thrown on it; Finnish;nature/beauty;;
frustfressen;frustfressen;Excessive eating because of frustration; German;food/drink;;
thimru;thimru;Used to describe sharp qualities or features; Tamil;intelligence/stupidity;;
wegbier;wegbier;A beer you're having on your way somewhere (i.e. a party); German;food/drink;;
jugaad (जुगाड);jugaad;the ability to 'make do' or 'get by'.; Hindi;intelligence/stupidity;;
mandilón;mandilón;A male who is super dedicated to his girlfriend, as compared to his friends; Spanish;love;;
irusu;irusu;Pretending to be out when someone knocks at your door; Japanese;fear;;
engili (ఎంగిలి);engili;Having contacted another's mouth directly or indirectly via hand or utensil that is not fit for consumption.; Telugu;negative;;
ngaobera;ngaobera;A slight inflammation of the throat caused by screaming too much; Pascuense;negative;;
nakakapag pabagabag;nakakapag;"Something that brings about excessive anxiety or restlessness for a period of time; something that is making you nervous"; Tagalog;fear;;
liberosis;liberosis;The desire to care less about things.; English;joy;;
vybafnout;vybafnout;"To jump out and say ""boo"""; Czech;fear;;
glückspilz;glückspilz;"A lucky person (""lucky mushroom"")"; German;joy;;
koshatnik;koshatnik;A dealer in stolen cats; Russian;negative;;
en plein air;en;"Outdoors; in the open air."; French;nature/beauty;;
piñcu (பிஞ்சு);piñcu;Young, baby fruit; Tamil;food/drink;;
aduantas;aduantas;Describes the angst that comes with being in an unfamiliar place and among unfamiliar people; Irish;fear ;;
erkelmek;erkelmek;Teasing someone with repeating what they say; Nogay;humor ;;
odnoliub;odnoliub;"Someone who has only one love in his or her life; someone who is capable of loving only one at a time"; Russian;love ;;
jayus;jayus;A joke that is so unfunny (or told so badly) that you just have to laugh.; Indonesian;humor ;;
age-otori;age-otori;The bad feeling one gets after a terrible haircut; Japanese;sadness;;
eunoia;eunoia;"A well-mind; beautiful thinking"; Greek;intelligence/stupidity ;;
shouganai;shouganai;It cannot be helped.; Japanese;negative;;
rizq;rizq;Life's provision of account. Often used in daily speech when someone wasn’t able to achieve something, it wasn’t in their Rizq.; Urdu;negative;;
décidément;décidément;When coincidences occur or when events repeat themselves by chance (for example, when you run into the same person many times in one week); French; neutral ;;
drachenfutter;drachenfutter;A gift to your significant other as a form of apology; German;love ;;
zhaghzhagh;zhaghzhagh;The chattering of teeth from the cold or from rage; Tamil;negative;;
rhwe;rhwe;To sleep on the floor without a carpet, drunk and naked; Tsonga;negative;;
kertek;kertek;The sound of dry leaves or twigs being trodden underfoot; Malay;nature/beauty;;
gula;gula;"Gluttony, greed; indulgence; eating simply for the taste (i.e., not from hunger)."; Spanish;food/drink ;;
apomakrysmenophobia;apomakrysmenophobia;The sudden fear that the relationships you posses are shallow or lack depth; English;fear ;;
inssa;inssa;Short word of insider = trendy people who catch up with the trends; Korean;positive;;
kucir;kucir;A tuft of hair left to grow on top of an otherwise bald head; Indonesian;neutral;;
goesting;goesting;Looking forward to, can't wait, have an appetite for; Dutch;anticipation/nostalgia;;
rire dans sa barbe;rire;To laugh in your beard quietly while thinking about something that has happened; French;joy ;;
aeipathy;aeipathy;"A continued passion; an unyielding disease"; English;neutral ;;
karelu;karelu;The mark left on the skin by wearing something tight; Tulu;neutral ;;
firgun (פירגון);firgun;Ungrudging and overt (expressed) pride and happiness at other's successes.; Hebrew;joy ;;
pelinti;pelinti;To move hot food around in your mouth; Buli;food/drink;;
commuovere;commuovere;"""Heartwarming,” but specifically refers to a story that moved you to tears"; Italian;joy ;;
exulansis;exulansis;The tendency to give up trying to talk about an experience because people are unable to relate to it.; English;negative;;
tinga;tinga;Particles of food left between teeth; Tagalog;food/drink ;;
lha’i rnal ‘byor (ལྷའི་རྣལ་འབྱོར);lha’i;"Deity meditation/yoga; an advanced practice in which one visualises interacting with, or ‘accomplishing’ (i.e., being), a deity."; Tibetan;calm/spiritual ;;
han;han;"Sorrow, regret, grief, resentment, ""a dull ache of the soul"", yet passive and not revenge seeking; waiting for the injustice to be righted"; Korean;sadness;;
majime (真面目);majime;"Reliable, responsible, diligent; seriousness, formality."; Japanese;intelligence/stupidity ;;
egyszer volt budán kutyavásár;egyszer;"Literal: ""there was a dog-market in Buda only once""; translates to essentially a once in a lifetime opportunity"; Hungarian;positive;;
ninot;ninot;A ninot is a figure with human representation. In a conversation, it means a person without personality.; Valencian;negative;;
arbejdsglæde;arbejdsglæde;"Literally ""work happiness""; the feeling of happiness provoked by a satisfying job"; Danish;joy ;;
vabba;vabba;To be at home with the kids; Swedish;neutral ;;
gökotta;gökotta;To rise at dawn in order to go out and listen to the birds sing; Swedish;calm/spiritual ;;
rückkehhrunruhe;rückkehhrunruhe;The feeling of returning home after an immersive trip only to find it fading rapidly from your awareness.; German;neutral ;;
taraadin;taraadin;A happy solution for everyone; Arabic;joy ;;
morriña;morriña;Nostalgia that you feel when you are far from home; Galician;anticipation/nostalgia;;
volya (воля);volya;"""Freedom"" and ""will"", but also vast natural landscape"; Russian;nature/beauty;;
noniná;noniná;Triple negation. Means yes, with emphasis.; Spanish;positive;;
að redda;að;To save someone or fix something in a time sensitive manner.; Icelandic;positive;;
sud’ba (судьба).;sud’ba;Fate, destiny, fortune; Russian;neutral ;;
xíng qì (行氣);xíng;Volitionally (e.g., mentally) circulating or directing qi.; Chinese;calm/spiritual ;;
tuntuvar;tuntuvar;The day before a wedding; Nogay;joy ;;
dépaysement;dépaysement;The feeling of being in an environment that you are not used to; French;neutral ;;
cynefin;cynefin;"A place where a person or an animal feels it ought to live and belong; it is where nature around you feels right and welcoming"; Welsh;nature/beauty;;
surströmmingspremier;surströmmingspremier;The first day of the year where it acceptable eat rotten herring.; Swedish;food/drink;;
tampo;tampo;"Behaviour in which a person withdraws his or her affection or cheerfulness from a person who has hurt his or her feelings; when you're disappointed with someone yet do not express it directly"; Tagalog;sadness;;
eunoirophrenia;eunoirophrenia;The peace of mind that comes with having pleasant dreams.; Greek;calm/spiritual ;;
nementia;nementia;Feeling nervous or anxious in your own skin; English;fear;;
strikhedonia;strikhedonia;"The joy of being able to say ""to hell with it"""; English;joy ;;
jumpa;jumpa;To jump from one floating piece of ice to another; Swedish;nature/beauty;;
rauxa;rauxa;"Sudden determination or action; rapture"; Catalan;positive;;
gattara;gattara;A woman catlover who feeds alley cats or spends time with domestic cats; Italian;neutral ;;
schnapsleiche;schnapsleiche;"So who passed out drunk (""liquor corpse"")"; German;food/drink;;
nuchshlepper;nuchshlepper;"Someone who follows another person; a hanger-on"; Yiddish;love;;
onism;onism;The frustration of being stuck in just one body, that inhabits just one place at a time.; English;anger/frustration ;;
pomicione;pomicione;A man who seizes any chance of being in close contact with a woman; Italian;love ;;
zeg;zeg;The day after tomorrow; Georgian;neutral ;;
numinous;numinous;Describing an experience that makes you fearful yet fascinated, awed yet attracted - the powerful, personal feeling of being overwhelmed an inspired; English;fear;;
wú jí (無極);wú;"Lit. without highest point, utmost point, ridgepole; ultimate, boundless, limitless; the primodial universe; original nature."; Chinese;calm/spiritual;;
jaksaa;jaksaa;A lack of enthusiasm to do something; Finnish;negative;;
nepenthe;nepenthe;Something that helps you forget grief or suffering; Greek;sadness;;
eshaku;eshaku;A slight bow of around 15 degrees; Japanese;neutral ;;
selcouth;selcouth;Rare, strange, marvellous, wondrous.; English;joy ;;
gemütlichkeit;gemütlichkeit;An atmosphere of belonging, relaxation, chilled music, great food and drink; German;calm/spiritual ;;
kairosclerosis;kairosclerosis;A moment in which you realize that you're happy but simultaneously destroy that happiness by overthinking it; English;joy ;;
culaccino;culaccino;The mark left on the table by a cold glass; Italian;food/drink ;;
kusukusu;kusukusu;The suppressed giggling and tittering of a group of women; Japanese;joy ;;
mångata;mångata;The roadlike reflection of moonlight on water; Swedish;nature/beauty;;
kaṟpu (கற்பு);kaṟpu;Determination to chastity, even in the face of adversity; Tamil;love ;;
qualunquismo;qualunquismo;"Political apathy; people who really don’t care very much about politics and related issues in society"; Italian;negative;;
ohrwurm;ohrwurm;"A melody or song that gets stuck in your head (""ear worm"")"; German;neutral;;
geis;geis;"Taboo, prohibition; injunction; something you do (or don’t do), upon which your life depends, or which defines your life."; Irish;positive;;
pantoffelheld;pantoffelheld;"Literally ""slipper hero""; A man who may act tough in front of his friends but can’t stand up for himself against his wife"; German;fear;;
bababa ba?;bababa;Is it going down? (In the context of an elevator); Tagalog;neutral;;
eomchina;eomchina;"Contraction of the phrase ""Mom's friend's son"". Academically successful (and possibly wealthy) male student who is the target of envy among others"; Korean;negative;;